{"(0, 0)":{"doubletriple_hit":-0.3334409893,"fielded_out":0.5977615714,"homerun_hit":-0.4965675771,"other":-0.6510269642,"single_hit":0.1707048863,"single_walk":-0.3178668916,"strike_out":-0.0506172106},"(0, 1)":{"doubletriple_hit":-0.3636154532,"fielded_out":0.6461611986,"homerun_hit":-0.5795488358,"other":-0.6425462365,"single_hit":0.2224183381,"single_walk":-0.6333298087,"strike_out":0.3594955802},"(0, 2)":{"doubletriple_hit":-0.5576328039,"fielded_out":0.5387941599,"homerun_hit":-0.7470300198,"other":-0.7448644638,"single_hit":0.106450431,"single_walk":-1.0193157196,"strike_out":0.8366503716},"(1, 0)":{"doubletriple_hit":-0.3095916808,"fielded_out":0.5733239055,"homerun_hit":-0.4324656427,"other":-0.7049329281,"single_hit":0.1262082309,"single_walk":0.2151497304,"strike_out":-0.2203191668},"(1, 1)":{"doubletriple_hit":-0.3539737463,"fielded_out":0.5937048197,"homerun_hit":-0.5566059351,"other":-0.6934831738,"single_hit":0.1605317444,"single_walk":-0.1220529377,"strike_out":0.2300507575},"(1, 2)":{"doubletriple_hit":-0.5303563476,"fielded_out":0.4576848149,"homerun_hit":-0.7295709848,"other":-0.7501505017,"single_hit":0.0258574933,"single_walk":-0.5428981185,"strike_out":0.6969898939},"(2, 0)":{"doubletriple_hit":-0.4586018622,"fielded_out":0.3712561131,"homerun_hit":-0.4703238308,"other":-0.7958709598,"single_hit":-0.054352738,"single_walk":0.8341129422,"strike_out":-0.471247077},"(2, 1)":{"doubletriple_hit":-0.3347566724,"fielded_out":0.5642884374,"homerun_hit":-0.4080615938,"other":-0.6825742722,"single_hit":0.1543056667,"single_walk":0.5988207459,"strike_out":0.1086535156},"(2, 2)":{"doubletriple_hit":-0.4745742381,"fielded_out":0.4674589038,"homerun_hit":-0.6354972124,"other":-0.7830551863,"single_hit":0.0209402442,"single_walk":0.2145202309,"strike_out":0.6547074914},"(3, 0)":{"doubletriple_hit":-1.1854764223,"fielded_out":-0.5873892307,"homerun_hit":-1.1576904058,"other":-1.0626015663,"single_hit":-1.0282747746,"single_walk":1.2144724131,"strike_out":-1.272675395},"(3, 1)":{"doubletriple_hit":-0.8991388679,"fielded_out":-0.075110808,"homerun_hit":-0.8257881999,"other":-0.8990635276,"single_hit":-0.5856847763,"single_walk":1.0811386108,"strike_out":-0.6849868298},"(3, 2)":{"doubletriple_hit":-0.6823727489,"fielded_out":0.1603293866,"homerun_hit":-0.6733409762,"other":-0.8366963863,"single_hit":-0.254733175,"single_walk":1.0634394884,"strike_out":0.2928951383}}